<?xml version='1.0' encoding='UTF-8'?>
<!DOCTYPE faces-config PUBLIC "-//Sun Microsystems, Inc.//DTD JavaServer Faces Config 1.1//EN"
                              "http://java.sun.com/dtd/web-facesconfig_1_1.dtd">
<faces-config>

	<managed-bean>	
		<description>
			The bean that manages encrypt settings.
		</description>
		<managed-bean-name>WebSettingsBean</managed-bean-name>
		<managed-bean-class>com.extendedencryption.web.bean.WebSettingsBean</managed-bean-class>
		<managed-bean-scope>session</managed-bean-scope>
		<managed-property>
			<property-name>browseBean</property-name>
			<value>#{BrowseBean}</value>
		</managed-property>
	</managed-bean>
	
</faces-config>
