<?xml version="1.0" encoding="UTF-8"?>
<!-- Definition of new Model -->
<model name="sc:encryptmodel" xmlns="http://www.alfresco.org/model/dictionary/1.0">

	<!-- Optional meta-data about the model -->
	<description>Encryption Model</description>
	<author>MHST 2012</author>
	<version>1.0</version>

	<!-- Imports are required to allow references to definitions in other models -->
	<imports>
		<!-- Import Alfresco Dictionary Definitions -->
		<import uri="http://www.alfresco.org/model/dictionary/1.0" prefix="d" />
		<!-- Import Alfresco Content Domain Model Definitions -->
		<import uri="http://www.alfresco.org/model/content/1.0" prefix="cm" />
	</imports>

	<!-- Introduction of new namespaces defined by this model -->
	<namespaces>
		<namespace uri="http://www.someco.com/model/content/1.0" prefix="sc" />
	</namespaces>
   <!-- ===============================================================================================================
        Constraints
        -->
    <constraints>
    </constraints>

    <!-- ===============================================================================================================
		Types
    -->

    <!-- ===============================================================================================================
		Aspects
    -->
	<aspects>
		<aspect name="sc:encrypt">
			<title>Encryption status</title>
			<properties>
				<property name="sc:isActive">
					<type>d:boolean</type>
					<default>false</default>
				</property>
			</properties>
		</aspect>
	</aspects> 
	  
</model>

